contactId,name,gender,age,mirrage,occupation
10001,中里 なつみ,女,46,既婚,弁護士
10002,森口 龍吉,男,53,既婚,資産家
10003,永山 夏空,女,19,未婚,学生
10004,西沢 杏,女,59,既婚,家政婦
10005,平 丈雄,男,32,未婚,企業家
10006,米谷 愛梨,女,50,既婚,歯医者
10007,目黒 みゆき,女,56,既婚,看護師
10008,森山 雅彦,男,52,既婚,投資家
10009,桑原 夏空,女,42,既婚,税理士
10010,吉野 芳正,男,60,既婚,資産家
10011,本田 賢治,男,20,未婚,企業家
10012,北野 勇太,男,58,既婚,サラリーマン
10013,河野 かおり,女,47,既婚,サラリーマン
10014,柏原 光良,男,56,既婚,サラリーマン
10015,吉崎 太朗,男,32,既婚,サラリーマン
10016,森 寛,男,19,未婚,学生
10017,赤羽 璃子,女,48,既婚,教授
10018,大石 太朗,男,23,未婚,学生
10019,杉下 なつみ,女,59,既婚,医師
10020,小谷 茜,女,32,既婚,美容師
10021,奥田 美嘉,女,55,既婚,俳優
10022,野口 惇,男,26,既婚,サラリーマン
10023,小高 一哉,男,33,未婚,サラリーマン
10024,林田 恵美,女,59,既婚,サラリーマン
10025,吉田 徹,男,27,未婚,宅建取引士
10026,窪田 三省,男,33,既婚,税理士
10027,山村 仁,男,51,既婚,弁護士
10028,河野 涼子,女,56,既婚,投資家
10029,五十嵐 菊生,男,29,既婚,資産家
10030,山村 亮,男,32,未婚,企業家
10031,田中 義男,男,58,既婚,税理士
10032,田中 博美,女,57,既婚,家政婦
10033,田中 聡一郎,男,32,既婚,企業家
10034,田中 健次郎,男,30,未婚,宅建取引士
10035,田中 美恵子,女,20,未婚,学生
